{
  "obsidian-pangu:pangu-format": [],
  "file-explorer:new-file-in-new-pane": [],
  "easy-typing-obsidian:easy-typing-format-switch": [],
  "obsidian-excalidraw-plugin:save": [],
  "obsidian-excalidraw-plugin:insert-link": [],
  "obsidian-excalidraw-plugin:insert-link-to-element": [],
  "obsidian-excalidraw-plugin:toggle-lock": [],
  "workspace:goto-tab-1": [],
  "workspace:goto-tab-2": [],
  "workspace:goto-tab-3": [],
  "workspace:goto-tab-4": [],
  "workspace:goto-tab-5": [],
  "workspace:goto-tab-6": [],
  "workspace:goto-tab-7": [],
  "workspace:goto-tab-8": [],
  "editor:set-heading-1": [
    {
      "modifiers": [
        "Mod"
      ],
      "key": "1"
    }
  ],
  "editor:set-heading-2": [
    {
      "modifiers": [
        "Mod"
      ],
      "key": "2"
    }
  ],
  "editor:set-heading-3": [
    {
      "modifiers": [
        "Mod"
      ],
      "key": "3"
    }
  ],
  "editor:set-heading-4": [
    {
      "modifiers": [
        "Mod"
      ],
      "key": "4"
    }
  ],
  "editor:set-heading-5": [
    {
      "modifiers": [
        "Mod"
      ],
      "key": "5"
    }
  ],
  "editor:set-heading-6": [
    {
      "modifiers": [
        "Mod"
      ],
      "key": "6"
    }
  ],
  "global-search:open": [],
  "editor:open-search": [],
  "app:toggle-left-sidebar": [
    {
      "modifiers": [
        "Mod"
      ],
      "key": "ArrowLeft"
    }
  ],
  "app:toggle-right-sidebar": [
    {
      "modifiers": [
        "Mod"
      ],
      "key": "ArrowRight"
    }
  ],
  "omnisearch:show-modal-infile": [
    {
      "modifiers": [
        "Mod"
      ],
      "key": "F"
    }
  ],
  "omnisearch:show-modal": [
    {
      "modifiers": [
        "Mod",
        "Shift"
      ],
      "key": "F"
    }
  ],
  "editor:toggle-highlight": [
    {
      "modifiers": [
        "Mod",
        "Shift"
      ],
      "key": "H"
    }
  ]
}